PullRequestTitle,PullRequestNumber,PullRequestState,PullRequestCreatedAt,PullRequestUpdatedAt,PullRequestClosedAt,PullRequestMergedAt,PullRequestAuthor,PullRequestReviewsCount,PullRequestReviewers,PullRequestCommentsCount,ReviewDuration
remove limit orders; add bounded liquidity,15,MERGED,2020-06-13T22:07:04Z,2022-10-15T10:11:40Z,2020-06-17T21:40:12Z,2020-06-17T21:40:12Z,danrobinson,0,[],0,3 days 23:33:08
Add prototype of fee voting,22,MERGED,2020-06-19T23:53:28Z,2022-10-05T12:32:45Z,2020-06-20T21:39:37Z,2020-06-20T21:39:37Z,danrobinson,0,[],0,0 days 21:46:09
Median fee voting,43,MERGED,2020-08-04T14:59:14Z,2022-10-13T14:32:18Z,2020-08-04T18:12:13Z,2020-08-04T18:12:13Z,NoahZinsmeister,0,[],0,0 days 03:12:59
perf: unroll the fee vote calculation,47,CLOSED,2020-08-10T08:20:58Z,2022-10-13T14:29:48Z,2020-10-01T17:35:04Z,,gakonst,0,[],4,52 days 09:14:06
Broken invariant when removing liquidity,48,CLOSED,2020-08-10T09:08:34Z,2020-08-18T13:27:28Z,2020-08-18T13:27:25Z,,gakonst,1,['NoahZinsmeister'],0,8 days 04:18:51
test: ensure tokens leave the sender's account,49,CLOSED,2020-08-10T09:30:37Z,2020-08-18T13:26:16Z,2020-08-18T13:24:07Z,,gakonst,0,[],2,8 days 03:53:30
"LPs, Fees & removal of liquidity",50,MERGED,2020-08-10T11:57:45Z,2020-09-29T21:14:45Z,2020-08-25T16:47:32Z,2020-08-25T16:47:32Z,gakonst,6,"['gakonst', 'gakonst', 'NoahZinsmeister', 'NoahZinsmeister', 'gakonst', 'NoahZinsmeister']",1,15 days 04:49:47
feat: counterfactual read price,51,MERGED,2020-08-10T16:45:12Z,2020-08-25T12:13:40Z,2020-08-24T18:24:12Z,2020-08-24T18:24:12Z,gakonst,5,"['NoahZinsmeister', 'gakonst', 'gakonst', 'NoahZinsmeister', 'NoahZinsmeister']",2,14 days 01:39:00
demonstrate PriceMath.getTradeToRatio issue,52,CLOSED,2020-08-11T20:27:10Z,2020-10-23T00:58:22Z,2020-10-13T14:35:57Z,,NoahZinsmeister,0,[],3,62 days 18:08:47
fix comment,54,MERGED,2020-08-13T15:30:14Z,2020-08-20T21:28:26Z,2020-08-20T21:28:18Z,2020-08-20T21:28:18Z,danrobinson,0,[],0,7 days 05:58:04
test: swap0for1 can be super expensive,55,CLOSED,2020-08-18T11:52:43Z,2020-10-02T21:00:38Z,2020-10-02T21:00:35Z,,gakonst,0,[],1,45 days 09:07:52
feat: increase FeeVotes to 6,59,MERGED,2020-08-21T18:43:50Z,2020-10-02T20:37:53Z,2020-08-24T18:33:54Z,2020-08-24T18:33:54Z,gakonst,1,['NoahZinsmeister'],0,2 days 23:50:04
fix virtual supplies,60,MERGED,2020-08-22T21:02:46Z,2020-09-29T21:13:24Z,2020-09-29T21:13:22Z,2020-09-29T21:13:22Z,danrobinson,8,"['NoahZinsmeister', 'gakonst', 'NoahZinsmeister', 'NoahZinsmeister', 'NoahZinsmeister', 'NoahZinsmeister', 'NoahZinsmeister', 'NoahZinsmeister']",2,38 days 00:10:36
add protocol liquidity logic,63,MERGED,2020-08-25T19:18:16Z,2020-09-30T22:42:48Z,2020-09-30T22:42:47Z,2020-09-30T22:42:47Z,NoahZinsmeister,4,"['gakonst', 'gakonst', 'NoahZinsmeister', 'NoahZinsmeister']",0,36 days 03:24:31
feat: use buidler instead of Waffle,64,MERGED,2020-09-01T07:51:14Z,2020-10-02T20:49:36Z,2020-10-02T20:49:34Z,2020-10-02T20:49:34Z,gakonst,1,['moodysalem'],0,31 days 12:58:20
feat: update global fee at the beginning of a block,65,MERGED,2020-09-01T08:44:13Z,2020-10-07T15:14:21Z,2020-10-07T15:14:20Z,2020-10-07T15:14:20Z,gakonst,1,['moodysalem'],0,36 days 06:30:07
test: refactor feeTo test,66,MERGED,2020-09-01T13:46:36Z,2020-09-01T14:53:12Z,2020-09-01T14:53:08Z,2020-09-01T14:53:08Z,gakonst,1,['NoahZinsmeister'],0,0 days 01:06:32
add ABDK code - WiP,67,MERGED,2020-09-01T15:20:55Z,2020-10-02T20:36:53Z,2020-10-02T20:36:52Z,2020-10-02T20:36:52Z,NoahZinsmeister,0,[],0,31 days 05:15:57
Moody/fee options array,70,MERGED,2020-09-28T17:00:17Z,2020-09-29T17:08:52Z,2020-09-29T17:08:51Z,2020-09-29T17:08:51Z,moodysalem,7,"['NoahZinsmeister', 'moodysalem', 'moodysalem', 'moodysalem', 'NoahZinsmeister', 'NoahZinsmeister', 'NoahZinsmeister']",1,1 days 00:08:34
"fix getCumulativePrices, use mock time for easier testing",71,MERGED,2020-09-29T21:53:22Z,2020-09-30T17:38:51Z,2020-09-30T17:38:50Z,2020-09-30T17:38:50Z,moodysalem,0,[],2,0 days 19:45:28
implement swap1For0,72,MERGED,2020-10-09T02:56:21Z,2020-10-09T19:45:56Z,2020-10-09T19:45:55Z,2020-10-09T19:45:55Z,moodysalem,0,[],0,0 days 16:49:34
bips instead of pips,75,MERGED,2020-10-13T20:12:09Z,2020-10-15T19:46:17Z,2020-10-15T19:46:16Z,2020-10-15T19:46:15Z,moodysalem,1,['NoahZinsmeister'],0,1 days 23:34:07
WIP - Bump lib,76,MERGED,2020-10-15T21:25:01Z,2020-10-19T19:29:15Z,2020-10-19T19:29:14Z,2020-10-19T19:29:13Z,NoahZinsmeister,1,['moodysalem'],1,3 days 22:04:13
remove the safemath libraries that may be causing the static analysis…,77,MERGED,2020-10-16T22:30:14Z,2020-10-19T21:54:06Z,2020-10-19T21:54:05Z,2020-10-19T21:54:05Z,moodysalem,0,[],1,2 days 23:23:51
recover erc20,79,MERGED,2020-10-20T14:33:33Z,2020-10-20T19:05:07Z,2020-10-20T19:05:06Z,2020-10-20T19:05:06Z,moodysalem,4,"['moodysalem', 'moodysalem', 'moodysalem', 'NoahZinsmeister']",0,0 days 04:31:33
fee to in pair,80,MERGED,2020-10-20T15:02:39Z,2020-10-20T19:17:00Z,2020-10-20T19:16:59Z,2020-10-20T19:16:59Z,moodysalem,1,['NoahZinsmeister'],0,0 days 04:14:20
add more feeTo tests,81,MERGED,2020-10-20T17:05:55Z,2020-10-21T22:05:10Z,2020-10-21T22:05:09Z,2020-10-21T22:05:09Z,NoahZinsmeister,4,"['NoahZinsmeister', 'moodysalem', 'moodysalem', 'NoahZinsmeister']",0,1 days 04:59:14
full precision swap math,82,MERGED,2020-10-21T02:15:13Z,2020-10-21T19:21:16Z,2020-10-21T19:11:32Z,2020-10-21T19:11:32Z,NoahZinsmeister,12,"['NoahZinsmeister', 'NoahZinsmeister', 'moodysalem', 'moodysalem', 'moodysalem', 'moodysalem', 'moodysalem', 'NoahZinsmeister', 'NoahZinsmeister', 'NoahZinsmeister', 'NoahZinsmeister', 'moodysalem']",0,0 days 16:56:19
callback for payment,83,MERGED,2020-10-21T15:25:53Z,2020-12-15T22:36:40Z,2020-12-15T22:36:39Z,2020-12-15T22:36:39Z,moodysalem,5,"['NoahZinsmeister', 'moodysalem', 'moodysalem', 'NoahZinsmeister', 'NoahZinsmeister']",1,55 days 07:10:46
misc. changes,86,MERGED,2020-10-21T16:27:36Z,2020-10-21T21:51:45Z,2020-10-21T21:51:44Z,2020-10-21T21:51:44Z,NoahZinsmeister,7,"['NoahZinsmeister', 'NoahZinsmeister', 'NoahZinsmeister', 'NoahZinsmeister', 'NoahZinsmeister', 'moodysalem', 'NoahZinsmeister']",0,0 days 05:24:08
fix static analysis check,89,MERGED,2020-10-21T19:14:19Z,2020-10-22T18:51:10Z,2020-10-22T18:51:09Z,2020-10-22T18:51:09Z,moodysalem,2,"['NoahZinsmeister', 'moodysalem']",0,0 days 23:36:50
bump lib,90,MERGED,2020-10-22T15:05:34Z,2020-10-22T20:45:20Z,2020-10-22T20:45:19Z,2020-10-22T20:45:19Z,NoahZinsmeister,11,"['moodysalem', 'NoahZinsmeister', 'moodysalem', 'NoahZinsmeister', 'NoahZinsmeister', 'moodysalem', 'moodysalem', 'NoahZinsmeister', 'moodysalem', 'moodysalem', 'NoahZinsmeister']",0,0 days 05:39:45
fix static analysis check,92,MERGED,2020-10-22T20:10:24Z,2020-10-23T00:38:12Z,2020-10-23T00:38:11Z,2020-10-23T00:38:11Z,moodysalem,0,[],0,0 days 04:27:47
slightly improve state of TODOs,93,MERGED,2020-10-22T22:23:13Z,2020-10-23T02:43:39Z,2020-10-23T02:43:38Z,2020-10-23T02:43:38Z,NoahZinsmeister,4,"['NoahZinsmeister', 'moodysalem', 'moodysalem', 'NoahZinsmeister']",0,0 days 04:20:25
fix echidna test,94,MERGED,2020-10-23T01:12:59Z,2020-10-23T01:19:56Z,2020-10-23T01:19:55Z,2020-10-23T01:19:55Z,moodysalem,0,[],0,0 days 00:06:56
add price asserts,95,MERGED,2020-10-23T15:36:15Z,2020-10-23T18:12:37Z,2020-10-23T18:12:36Z,2020-10-23T18:12:36Z,NoahZinsmeister,1,['NoahZinsmeister'],3,0 days 02:36:21
more robust price math testing + add incomplete pair echidna test,98,MERGED,2020-10-23T18:51:25Z,2020-10-27T15:43:53Z,2020-10-27T15:43:52Z,2020-10-27T15:43:51Z,moodysalem,2,"['moodysalem', 'NoahZinsmeister']",0,3 days 20:52:27
show failing case,99,MERGED,2020-10-23T22:48:46Z,2020-10-23T23:06:36Z,2020-10-23T23:06:35Z,2020-10-23T23:06:35Z,NoahZinsmeister,0,[],0,0 days 00:17:49
add rounding up to fix overshoot calculation,103,CLOSED,2020-10-27T02:44:23Z,2020-10-27T16:35:25Z,2020-10-27T16:35:09Z,,NoahZinsmeister,0,[],1,0 days 13:50:46
fix the price math to always return an amount in that equals or exceeds the target inOutRatio,104,MERGED,2020-10-27T16:01:17Z,2020-10-27T16:43:37Z,2020-10-27T16:43:36Z,2020-10-27T16:43:36Z,moodysalem,1,['NoahZinsmeister'],0,0 days 00:42:19
combine changes,105,MERGED,2020-10-27T16:11:12Z,2020-10-27T16:19:07Z,2020-10-27T16:19:06Z,2020-10-27T16:19:06Z,NoahZinsmeister,0,[],0,0 days 00:07:54
try the assertion,106,CLOSED,2020-10-27T17:26:53Z,2020-10-27T22:49:36Z,2020-10-27T22:49:34Z,,moodysalem,0,[],0,0 days 05:22:41
move the amount out calculation to a pricemath method,107,MERGED,2020-10-27T18:09:28Z,2020-10-27T20:21:22Z,2020-10-27T20:21:21Z,2020-10-27T20:21:21Z,moodysalem,3,"['moodysalem', 'NoahZinsmeister', 'NoahZinsmeister']",0,0 days 02:11:53
dont use reciprocal,108,MERGED,2020-10-27T21:45:58Z,2020-10-29T19:38:39Z,2020-10-29T19:38:39Z,2020-10-29T19:38:38Z,NoahZinsmeister,15,"['moodysalem', 'NoahZinsmeister', 'moodysalem', 'NoahZinsmeister', 'NoahZinsmeister', 'NoahZinsmeister', 'NoahZinsmeister', 'NoahZinsmeister', 'NoahZinsmeister', 'NoahZinsmeister', 'moodysalem', 'moodysalem', 'NoahZinsmeister', 'NoahZinsmeister', 'NoahZinsmeister']",0,1 days 21:52:41
Fix pair echidna test,109,MERGED,2020-10-28T15:54:23Z,2020-10-28T16:22:29Z,2020-10-28T16:22:28Z,2020-10-28T16:22:28Z,moodysalem,0,[],0,0 days 00:28:05
misc small refactors,110,MERGED,2020-10-29T20:22:56Z,2020-10-30T17:53:22Z,2020-10-30T17:53:21Z,2020-10-30T17:53:21Z,moodysalem,2,"['NoahZinsmeister', 'NoahZinsmeister']",0,0 days 21:30:25
change the interface in the callee for 2 swap methods,111,MERGED,2020-10-29T22:01:15Z,2020-10-29T22:29:00Z,2020-10-29T22:28:59Z,2020-10-29T22:28:59Z,moodysalem,0,[],0,0 days 00:27:44
optimizations for swap,112,MERGED,2020-11-02T17:31:19Z,2020-11-03T18:59:50Z,2020-11-03T18:59:49Z,2020-11-03T18:59:49Z,moodysalem,2,"['moodysalem', 'moodysalem']",1,1 days 01:28:30
add echidna tests,113,MERGED,2020-11-02T17:31:37Z,2020-11-02T19:06:33Z,2020-11-02T19:06:32Z,2020-11-02T19:06:32Z,moodysalem,0,[],0,0 days 01:34:55
improve get amount out invariant,114,MERGED,2020-11-02T19:46:38Z,2020-11-02T19:48:59Z,2020-11-02T19:48:58Z,2020-11-02T19:48:58Z,moodysalem,0,[],0,0 days 00:02:20
tick math echidna test,115,CLOSED,2020-11-03T15:51:37Z,2020-11-05T15:33:09Z,2020-11-05T15:33:05Z,,moodysalem,0,[],0,1 days 23:41:28
Fee tracking via tokens,117,MERGED,2020-11-05T21:41:14Z,2020-11-11T16:53:49Z,2020-11-11T16:53:48Z,2020-11-11T16:53:48Z,NoahZinsmeister,7,"['moodysalem', 'NoahZinsmeister', 'NoahZinsmeister', 'moodysalem', 'NoahZinsmeister', 'NoahZinsmeister', 'NoahZinsmeister']",1,5 days 19:12:34
derived reserves,118,MERGED,2020-11-12T22:18:16Z,2020-11-17T05:27:28Z,2020-11-17T05:27:27Z,2020-11-17T05:27:27Z,NoahZinsmeister,16,"['moodysalem', 'NoahZinsmeister', 'NoahZinsmeister', 'NoahZinsmeister', 'NoahZinsmeister', 'NoahZinsmeister', 'moodysalem', 'moodysalem', 'NoahZinsmeister', 'NoahZinsmeister', 'NoahZinsmeister', 'NoahZinsmeister', 'NoahZinsmeister', 'moodysalem', 'moodysalem', 'NoahZinsmeister']",0,4 days 07:09:11
change initialized to numPositions,120,MERGED,2020-11-15T07:37:41Z,2020-11-16T19:47:34Z,2020-11-16T19:47:33Z,2020-11-16T19:47:33Z,moodysalem,1,['NoahZinsmeister'],0,1 days 12:09:52
codegen some tickmath tables,127,CLOSED,2020-11-17T19:51:25Z,2020-12-08T21:19:53Z,2020-12-08T17:38:40Z,,moodysalem,0,[],0,20 days 21:47:15
constrain ticks so each has a unique price,128,MERGED,2020-11-17T22:17:54Z,2020-11-17T23:15:00Z,2020-11-17T23:14:58Z,2020-11-17T23:14:58Z,NoahZinsmeister,3,"['moodysalem', 'moodysalem', 'NoahZinsmeister']",0,0 days 00:57:04
dedupe some code,129,MERGED,2020-11-17T23:23:15Z,2020-11-18T02:49:23Z,2020-11-18T02:49:22Z,2020-11-18T02:49:22Z,moodysalem,1,['NoahZinsmeister'],0,0 days 03:26:07
bigger fee slots,131,MERGED,2020-11-18T17:12:30Z,2020-11-18T18:27:03Z,2020-11-18T18:27:02Z,2020-11-18T18:27:02Z,moodysalem,0,[],0,0 days 01:14:32
"remove the set position from initialize, have 1 liquidity min",132,MERGED,2020-11-18T18:49:56Z,2020-11-19T04:17:42Z,2020-11-19T04:17:41Z,2020-11-19T04:17:40Z,moodysalem,1,['NoahZinsmeister'],0,0 days 09:27:45
uint256 virtual reserves & constrain maximum liquidity,133,MERGED,2020-11-18T22:37:10Z,2020-11-19T03:02:08Z,2020-11-19T03:02:06Z,2020-11-19T03:02:06Z,NoahZinsmeister,0,[],0,0 days 04:24:56
Tick bit map,134,MERGED,2020-11-19T06:08:28Z,2020-11-19T20:08:42Z,2020-11-19T20:08:41Z,2020-11-19T20:08:41Z,moodysalem,7,"['NoahZinsmeister', 'moodysalem', 'moodysalem', 'moodysalem', 'moodysalem', 'NoahZinsmeister', 'NoahZinsmeister']",1,0 days 14:00:13
"use direct formulas for token{0,1} deltas",135,MERGED,2020-11-19T06:37:29Z,2020-11-19T17:59:53Z,2020-11-19T17:59:52Z,2020-11-19T17:59:52Z,NoahZinsmeister,2,"['moodysalem', 'moodysalem']",1,0 days 11:22:23
update fee votes,137,MERGED,2020-11-19T17:23:50Z,2020-11-19T17:56:23Z,2020-11-19T17:56:22Z,2020-11-19T17:56:22Z,NoahZinsmeister,1,['moodysalem'],0,0 days 00:32:32
NatSpec comments,139,CLOSED,2020-11-19T21:09:44Z,2021-02-03T20:37:22Z,2021-01-25T16:35:02Z,,Yorkemartin,10,"['moodysalem', 'moodysalem', 'Yorkemartin', 'moodysalem', 'moodysalem', 'Yorkemartin', 'Yorkemartin', 'moodysalem', 'moodysalem', 'Yorkemartin']",3,66 days 19:25:18
use _setPosition in initialize,140,MERGED,2020-11-19T22:52:52Z,2020-11-20T15:53:01Z,2020-11-20T15:53:00Z,2020-11-20T15:52:59Z,NoahZinsmeister,3,"['NoahZinsmeister', 'moodysalem', 'moodysalem']",0,0 days 17:00:08
add a library for computing the tick from a price using a binary search within a range,143,MERGED,2020-11-20T17:18:09Z,2020-11-20T19:10:06Z,2020-11-20T19:10:06Z,2020-11-20T19:10:06Z,moodysalem,3,"['NoahZinsmeister', 'NoahZinsmeister', 'moodysalem']",0,0 days 01:51:57
use the tick bitmap in swap,144,MERGED,2020-11-20T19:16:05Z,2020-11-20T20:46:31Z,2020-11-20T20:46:30Z,2020-11-20T20:46:30Z,moodysalem,2,"['moodysalem', 'NoahZinsmeister']",0,0 days 01:30:25
Uq128x128,146,MERGED,2020-11-20T21:32:05Z,2020-11-20T23:41:20Z,2020-11-20T23:41:19Z,2020-11-20T23:41:19Z,moodysalem,2,"['NoahZinsmeister', 'moodysalem']",0,0 days 02:09:14
change block timestamp to 64 bits,152,MERGED,2020-11-21T00:13:35Z,2020-11-21T17:28:04Z,2020-11-21T17:28:03Z,2020-11-21T17:28:03Z,moodysalem,1,['NoahZinsmeister'],0,0 days 17:14:28
8 fee votes,153,CLOSED,2020-11-21T03:53:18Z,2020-11-30T23:07:04Z,2020-11-25T18:01:47Z,,moodysalem,1,['NoahZinsmeister'],5,4 days 14:08:29
put liquidity current in the state and commit it at the end of the swap,154,MERGED,2020-11-21T18:31:49Z,2020-11-23T20:01:18Z,2020-11-23T20:01:17Z,2020-11-23T20:01:17Z,moodysalem,6,"['moodysalem', 'moodysalem', 'NoahZinsmeister', 'moodysalem', 'moodysalem', 'moodysalem']",0,2 days 01:29:28
q,155,CLOSED,2020-11-23T16:25:44Z,2020-12-15T22:43:21Z,2020-12-01T22:02:24Z,,moodysalem,0,[],1,8 days 05:36:40
add checked transferFrom,156,CLOSED,2020-11-23T20:15:41Z,2020-12-11T17:51:07Z,2020-12-11T17:48:52Z,,NoahZinsmeister,0,[],5,17 days 21:33:11
track gross liquidity instead of num positions,158,MERGED,2020-11-23T22:37:51Z,2020-11-23T23:39:48Z,2020-11-23T23:39:47Z,2020-11-23T23:39:47Z,moodysalem,2,"['NoahZinsmeister', 'NoahZinsmeister']",0,0 days 01:01:56
always use feeLast as the fee,159,CLOSED,2020-11-24T01:00:35Z,2020-11-25T20:18:29Z,2020-11-25T18:44:32Z,,NoahZinsmeister,1,['moodysalem'],1,1 days 17:43:57
multipool,161,MERGED,2020-11-25T05:29:47Z,2020-11-25T18:42:34Z,2020-11-25T18:42:33Z,2020-11-25T18:42:33Z,moodysalem,1,['NoahZinsmeister'],0,0 days 13:12:46
"adds the ability to enable fee options, renames fee to setter to owner",162,MERGED,2020-11-25T15:55:08Z,2020-11-25T18:42:25Z,2020-11-25T18:42:24Z,2020-11-25T18:42:24Z,moodysalem,1,['NoahZinsmeister'],0,0 days 02:47:16
Ticks 24bit,168,MERGED,2020-11-25T19:48:19Z,2020-11-25T21:16:32Z,2020-11-25T21:16:31Z,2020-11-25T21:16:31Z,moodysalem,6,"['NoahZinsmeister', 'moodysalem', 'moodysalem', 'moodysalem', 'moodysalem', 'NoahZinsmeister']",0,0 days 01:28:12
add the two accumulators and do some better packing,169,MERGED,2020-11-26T01:32:36Z,2020-11-30T19:21:12Z,2020-11-30T19:21:11Z,2020-11-30T19:21:10Z,moodysalem,4,"['NoahZinsmeister', 'moodysalem', 'moodysalem', 'NoahZinsmeister']",0,4 days 17:48:35
make tick math into contract,170,MERGED,2020-11-27T22:56:47Z,2020-11-30T23:06:40Z,2020-11-30T23:06:39Z,2020-11-30T23:06:39Z,moodysalem,4,"['NoahZinsmeister', 'NoahZinsmeister', 'moodysalem', 'moodysalem']",0,3 days 00:09:52
more correct tick bitmap types,171,MERGED,2020-11-30T01:22:33Z,2020-12-01T00:11:39Z,2020-12-01T00:11:38Z,2020-12-01T00:11:38Z,moodysalem,3,"['NoahZinsmeister', 'moodysalem', 'moodysalem']",0,0 days 22:49:05
initialize at price instead of tick,173,MERGED,2020-12-01T04:10:09Z,2020-12-01T21:59:35Z,2020-12-01T21:59:34Z,2020-12-01T21:59:33Z,moodysalem,0,[],0,0 days 17:49:25
compute feeToFees in setPosition,176,MERGED,2020-12-01T22:41:20Z,2020-12-02T00:08:41Z,2020-12-02T00:08:40Z,2020-12-02T00:08:40Z,moodysalem,4,"['NoahZinsmeister', 'moodysalem', 'NoahZinsmeister', 'NoahZinsmeister']",0,0 days 01:27:20
derive tickCurrent as needed,178,MERGED,2020-12-01T23:12:36Z,2020-12-03T00:16:58Z,2020-12-03T00:16:57Z,2020-12-03T00:16:56Z,NoahZinsmeister,3,"['moodysalem', 'moodysalem', 'moodysalem']",2,1 days 01:04:21
move some code into its own method,179,MERGED,2020-12-02T03:08:16Z,2020-12-02T22:23:35Z,2020-12-02T22:23:34Z,2020-12-02T22:23:34Z,moodysalem,1,['NoahZinsmeister'],0,0 days 19:15:18
sqrt(price) PoC,180,CLOSED,2020-12-02T21:17:48Z,2020-12-15T22:37:06Z,2020-12-07T16:32:28Z,,NoahZinsmeister,0,[],1,4 days 19:14:40
Spaced ticks,181,MERGED,2020-12-02T23:51:02Z,2020-12-07T15:18:38Z,2020-12-07T15:18:37Z,2020-12-07T15:18:36Z,moodysalem,3,"['NoahZinsmeister', 'moodysalem', 'moodysalem']",0,4 days 15:27:35
add an insolvency edge case test,182,CLOSED,2020-12-03T21:00:37Z,2020-12-07T17:06:50Z,2020-12-07T17:06:23Z,,moodysalem,0,[],2,3 days 20:05:46
use sqrt(price) instead of price,183,MERGED,2020-12-04T19:52:08Z,2020-12-11T15:24:40Z,2020-12-11T15:24:39Z,2020-12-11T15:24:39Z,moodysalem,0,[],0,6 days 19:32:31
square root price math,184,MERGED,2020-12-06T17:15:57Z,2020-12-07T21:06:51Z,2020-12-07T21:06:49Z,2020-12-07T21:06:49Z,moodysalem,1,['NoahZinsmeister'],0,1 days 03:50:52
use sqrt price math in swap,185,MERGED,2020-12-06T19:03:24Z,2020-12-08T16:48:29Z,2020-12-08T16:48:28Z,2020-12-08T16:48:28Z,moodysalem,2,"['moodysalem', 'NoahZinsmeister']",0,1 days 21:45:04
use sqrt(price) directly,188,MERGED,2020-12-08T22:03:01Z,2020-12-11T14:37:22Z,2020-12-11T14:37:21Z,2020-12-11T14:37:21Z,NoahZinsmeister,1,['moodysalem'],1,2 days 16:34:20
add collect,189,MERGED,2020-12-09T20:03:23Z,2020-12-14T21:31:38Z,2020-12-14T21:31:37Z,2020-12-14T21:31:37Z,NoahZinsmeister,7,"['moodysalem', 'NoahZinsmeister', 'moodysalem', 'NoahZinsmeister', 'moodysalem', 'NoahZinsmeister', 'moodysalem']",0,5 days 01:28:14
remove liquidity accumulator and pack with sqrt price,191,CLOSED,2020-12-10T18:20:47Z,2020-12-11T14:43:33Z,2020-12-11T14:43:33Z,,moodysalem,0,[],0,0 days 20:22:46
support exact output,193,MERGED,2020-12-10T22:54:20Z,2020-12-16T19:05:26Z,2020-12-16T19:04:48Z,2020-12-16T19:04:48Z,NoahZinsmeister,0,[],0,5 days 20:10:28
store and collect fees separately from updating positions (mint/burn/collectFees),194,MERGED,2020-12-11T02:08:57Z,2020-12-12T03:30:07Z,2020-12-11T20:35:58Z,2020-12-11T20:35:58Z,moodysalem,6,"['moodysalem', 'moodysalem', 'NoahZinsmeister', 'moodysalem', 'moodysalem', 'NoahZinsmeister']",0,0 days 18:27:01
Tick math tweaks,198,MERGED,2020-12-11T16:59:41Z,2020-12-11T17:51:25Z,2020-12-11T17:51:24Z,2020-12-11T17:51:24Z,NoahZinsmeister,7,"['NoahZinsmeister', 'moodysalem', 'moodysalem', 'moodysalem', 'moodysalem', 'moodysalem', 'NoahZinsmeister']",0,0 days 00:51:43
64x96 price,200,MERGED,2020-12-14T01:41:17Z,2020-12-14T21:56:12Z,2020-12-14T20:35:43Z,2020-12-14T20:35:42Z,moodysalem,10,"['NoahZinsmeister', 'moodysalem', 'moodysalem', 'NoahZinsmeister', 'moodysalem', 'NoahZinsmeister', 'NoahZinsmeister', 'NoahZinsmeister', 'NoahZinsmeister', 'NoahZinsmeister']",0,0 days 18:54:26
price math tweaks,202,MERGED,2020-12-14T21:34:54Z,2020-12-14T23:10:59Z,2020-12-14T23:10:58Z,2020-12-14T23:10:58Z,NoahZinsmeister,12,"['moodysalem', 'moodysalem', 'moodysalem', 'NoahZinsmeister', 'NoahZinsmeister', 'moodysalem', 'moodysalem', 'moodysalem', 'moodysalem', 'NoahZinsmeister', 'NoahZinsmeister', 'moodysalem']",0,0 days 01:36:04
Solc 0.7,207,MERGED,2020-12-16T19:34:06Z,2020-12-16T20:06:38Z,2020-12-16T20:06:38Z,2020-12-16T20:06:37Z,NoahZinsmeister,1,['moodysalem'],0,0 days 00:32:32
Added docgen action & configuration,208,CLOSED,2020-12-16T19:51:20Z,2021-02-03T20:37:50Z,2021-01-14T20:43:04Z,,Yorkemartin,5,"['moodysalem', 'moodysalem', 'moodysalem', 'moodysalem', 'moodysalem']",0,29 days 00:51:44
move some tick code into tick library,209,MERGED,2020-12-16T20:06:18Z,2020-12-17T23:14:25Z,2020-12-17T23:14:24Z,2020-12-17T23:14:23Z,moodysalem,1,['NoahZinsmeister'],0,1 days 03:08:06
Solc 0.8,210,CLOSED,2020-12-16T21:04:35Z,2021-01-14T21:43:48Z,2020-12-28T16:39:18Z,,NoahZinsmeister,2,"['moodysalem', 'NoahZinsmeister']",1,11 days 19:34:43
"events for mint, burn, swap, collect fees",211,CLOSED,2020-12-17T16:38:03Z,2021-01-01T23:41:26Z,2021-01-01T23:41:23Z,,Yorkemartin,0,[],0,15 days 07:03:20
refactor swap math to avoid unnecessary asserts,212,MERGED,2020-12-18T00:24:41Z,2020-12-18T20:30:30Z,2020-12-18T20:30:30Z,2020-12-18T20:30:30Z,moodysalem,1,['NoahZinsmeister'],0,0 days 20:05:49
tick state transition issue,215,CLOSED,2020-12-18T22:50:17Z,2020-12-22T19:47:24Z,2020-12-22T19:47:18Z,,moodysalem,1,['NoahZinsmeister'],2,3 days 20:57:01
update the accumulator only when it needs to be updated,217,MERGED,2020-12-21T16:33:13Z,2020-12-22T16:28:51Z,2020-12-22T16:28:50Z,2020-12-22T16:28:50Z,moodysalem,8,"['moodysalem', 'moodysalem', 'moodysalem', 'NoahZinsmeister', 'moodysalem', 'moodysalem', 'moodysalem', 'moodysalem']",0,0 days 23:55:37
add data parameter to initialize/mint/swap callbacks,223,MERGED,2020-12-22T17:19:21Z,2020-12-22T20:23:13Z,2020-12-22T20:23:12Z,2020-12-22T20:23:11Z,moodysalem,2,"['moodysalem', 'NoahZinsmeister']",0,0 days 03:03:51
Fix tick boundary issue,224,MERGED,2020-12-22T20:12:44Z,2020-12-29T17:07:09Z,2020-12-29T17:07:08Z,2020-12-29T17:07:08Z,moodysalem,2,"['NoahZinsmeister', 'moodysalem']",0,6 days 20:54:24
remove all but 1 swap function,225,MERGED,2020-12-22T20:58:52Z,2020-12-22T21:40:35Z,2020-12-22T21:40:34Z,2020-12-22T21:40:34Z,NoahZinsmeister,1,['moodysalem'],0,0 days 00:41:42
organize state variables into explicitly marked slots,227,MERGED,2020-12-23T00:04:52Z,2020-12-28T17:53:58Z,2020-12-28T17:53:57Z,2020-12-28T17:53:57Z,moodysalem,6,"['NoahZinsmeister', 'moodysalem', 'NoahZinsmeister', 'moodysalem', 'moodysalem', 'moodysalem']",0,5 days 17:49:05
make the addresses computable onchain!,229,MERGED,2020-12-23T18:44:31Z,2020-12-28T16:34:53Z,2020-12-28T16:34:52Z,2020-12-28T16:34:52Z,moodysalem,1,['NoahZinsmeister'],0,4 days 21:50:21
support swap to price,234,MERGED,2020-12-28T20:41:11Z,2020-12-30T21:35:25Z,2020-12-30T21:35:24Z,2020-12-30T21:35:24Z,NoahZinsmeister,19,"['moodysalem', 'NoahZinsmeister', 'moodysalem', 'NoahZinsmeister', 'moodysalem', 'moodysalem', 'NoahZinsmeister', 'NoahZinsmeister', 'NoahZinsmeister', 'NoahZinsmeister', 'NoahZinsmeister', 'moodysalem', 'NoahZinsmeister', 'moodysalem', 'moodysalem', 'NoahZinsmeister', 'NoahZinsmeister', 'moodysalem', 'NoahZinsmeister']",4,2 days 00:54:13
fix bug,235,MERGED,2020-12-28T21:24:22Z,2020-12-28T21:30:48Z,2020-12-28T21:30:47Z,2020-12-28T21:30:47Z,NoahZinsmeister,0,[],0,0 days 00:06:25
add lock to recover and collect,236,MERGED,2020-12-28T21:30:02Z,2020-12-28T21:36:19Z,2020-12-28T21:36:18Z,2020-12-28T21:36:17Z,NoahZinsmeister,0,[],0,0 days 00:06:16
Revert error codes,237,MERGED,2020-12-29T17:11:31Z,2020-12-30T17:07:47Z,2020-12-30T17:07:46Z,2020-12-30T17:07:46Z,moodysalem,1,['NoahZinsmeister'],0,0 days 23:56:15
switch to using offset approach to measure fees,239,CLOSED,2020-12-29T18:33:31Z,2021-01-21T20:43:12Z,2021-01-19T18:30:47Z,,danrobinson,1,['moodysalem'],0,20 days 23:57:16
allow 0 mints,240,MERGED,2020-12-29T22:25:56Z,2020-12-30T15:12:12Z,2020-12-30T15:12:11Z,2020-12-30T15:12:11Z,moodysalem,1,['NoahZinsmeister'],0,0 days 16:46:15
"don't allow initialize outside of {MIN,MAX}_TICK",242,MERGED,2020-12-30T20:21:31Z,2020-12-30T21:20:18Z,2020-12-30T20:30:07Z,2020-12-30T20:30:07Z,NoahZinsmeister,2,"['moodysalem', 'NoahZinsmeister']",0,0 days 00:08:36
flash,243,MERGED,2020-12-30T21:42:50Z,2021-01-19T19:51:27Z,2021-01-19T19:51:26Z,2021-01-19T19:51:26Z,moodysalem,2,"['NoahZinsmeister', 'moodysalem']",0,19 days 22:08:36
compute feeToFees using offset approach,244,CLOSED,2020-12-30T22:01:47Z,2021-02-03T23:18:52Z,2021-01-29T22:59:45Z,,danrobinson,2,"['moodysalem', 'moodysalem']",0,30 days 00:57:58
try out typed ticks,245,MERGED,2020-12-30T23:51:20Z,2020-12-31T19:45:00Z,2020-12-31T19:44:59Z,2020-12-31T19:44:59Z,NoahZinsmeister,2,"['NoahZinsmeister', 'moodysalem']",0,0 days 19:53:39
Flip bitmap order,246,MERGED,2020-12-31T01:50:04Z,2021-01-02T05:05:45Z,2021-01-02T05:05:44Z,2021-01-02T05:05:44Z,NoahZinsmeister,6,"['moodysalem', 'moodysalem', 'NoahZinsmeister', 'NoahZinsmeister', 'moodysalem', 'moodysalem']",0,2 days 03:15:40
fixed-length oracle array,247,MERGED,2020-12-31T18:33:21Z,2021-01-14T20:40:26Z,2021-01-14T20:40:25Z,2021-01-14T20:40:24Z,NoahZinsmeister,36,"['NoahZinsmeister', 'moodysalem', 'NoahZinsmeister', 'NoahZinsmeister', 'NoahZinsmeister', 'moodysalem', 'moodysalem', 'moodysalem', 'moodysalem', 'moodysalem', 'moodysalem', 'moodysalem', 'moodysalem', 'NoahZinsmeister', 'NoahZinsmeister', 'NoahZinsmeister', 'moodysalem', 'moodysalem', 'NoahZinsmeister', 'NoahZinsmeister', 'moodysalem', 'moodysalem', 'moodysalem', 'NoahZinsmeister', 'moodysalem', 'NoahZinsmeister', 'moodysalem', 'moodysalem', 'moodysalem', 'moodysalem', 'moodysalem', 'moodysalem', 'moodysalem', 'NoahZinsmeister', 'NoahZinsmeister', 'moodysalem']",2,14 days 02:07:04
optimizations on top of oracle array,248,CLOSED,2020-12-31T19:56:55Z,2021-01-21T20:43:28Z,2021-01-07T19:37:22Z,,NoahZinsmeister,0,[],0,6 days 23:40:27
remove the dependencies and copy them into the repo,249,MERGED,2020-12-31T22:05:44Z,2021-01-01T22:50:55Z,2021-01-01T22:50:54Z,2021-01-01T22:50:54Z,moodysalem,1,['NoahZinsmeister'],0,1 days 00:45:10
remove all single member structs that have a gas overhead,250,MERGED,2020-12-31T22:36:37Z,2021-01-02T02:11:12Z,2021-01-02T02:11:11Z,2021-01-02T02:11:11Z,moodysalem,1,['NoahZinsmeister'],0,1 days 03:34:34
add events,251,MERGED,2021-01-01T23:43:28Z,2021-01-02T17:01:59Z,2021-01-02T17:01:58Z,2021-01-02T17:01:58Z,NoahZinsmeister,4,"['NoahZinsmeister', 'NoahZinsmeister', 'moodysalem', 'NoahZinsmeister']",0,0 days 17:18:30
renames,252,MERGED,2021-01-02T02:11:59Z,2021-01-02T17:19:28Z,2021-01-02T17:19:27Z,2021-01-02T17:19:27Z,moodysalem,0,[],0,0 days 15:07:28
various improvements to mint/withdraw/burn,253,MERGED,2021-01-02T03:03:34Z,2021-01-05T00:40:55Z,2021-01-05T00:40:54Z,2021-01-05T00:40:54Z,NoahZinsmeister,14,"['moodysalem', 'NoahZinsmeister', 'moodysalem', 'NoahZinsmeister', 'moodysalem', 'NoahZinsmeister', 'moodysalem', 'moodysalem', 'moodysalem', 'moodysalem', 'moodysalem', 'NoahZinsmeister', 'moodysalem', 'NoahZinsmeister']",7,2 days 21:37:20
Multi hop router ,254,MERGED,2021-01-04T14:58:39Z,2021-01-26T19:07:02Z,2021-01-26T19:07:01Z,2021-01-26T19:07:00Z,Yorkemartin,1,['NoahZinsmeister'],2,22 days 04:08:22
moves more code from position into its own library,255,MERGED,2021-01-04T15:45:44Z,2021-01-05T00:59:27Z,2021-01-05T00:59:27Z,2021-01-05T00:59:27Z,moodysalem,0,[],0,0 days 09:13:43
use an overall liquidity total to prevent liquidity overflows in tick…,256,CLOSED,2021-01-04T16:08:21Z,2021-01-05T03:14:45Z,2021-01-05T03:14:43Z,,moodysalem,0,[],0,0 days 11:06:22
generalize recover,257,CLOSED,2021-01-04T18:36:05Z,2021-01-13T20:21:18Z,2021-01-07T23:01:23Z,,moodysalem,0,[],0,3 days 04:25:18
remove some asserts from the pair,258,MERGED,2021-01-04T23:08:19Z,2021-01-04T23:48:49Z,2021-01-04T23:48:48Z,2021-01-04T23:48:48Z,moodysalem,1,['NoahZinsmeister'],0,0 days 00:40:29
fix low intermediate liquidity bug,260,MERGED,2021-01-05T01:32:47Z,2021-01-05T23:08:09Z,2021-01-05T23:08:07Z,2021-01-05T23:08:07Z,moodysalem,1,['NoahZinsmeister'],0,0 days 21:35:20
clean up tests and make max liquidity per tick calculated,261,MERGED,2021-01-05T03:37:55Z,2021-01-05T21:51:33Z,2021-01-05T21:51:32Z,2021-01-05T21:51:32Z,moodysalem,1,['NoahZinsmeister'],0,0 days 18:13:37
"add tick echidna test, do redundant owner check on creation to reduce bytecode size",263,MERGED,2021-01-06T03:21:11Z,2021-01-06T03:49:44Z,2021-01-06T03:49:43Z,2021-01-06T03:49:43Z,moodysalem,0,[],0,0 days 00:28:32
remove recover,264,MERGED,2021-01-06T15:21:33Z,2021-01-07T23:00:56Z,2021-01-07T23:00:55Z,2021-01-07T23:00:55Z,moodysalem,0,[],0,1 days 07:39:22
moves more code to tick library,265,MERGED,2021-01-06T17:31:20Z,2021-01-06T20:32:12Z,2021-01-06T20:32:11Z,2021-01-06T20:32:11Z,moodysalem,0,[],1,0 days 03:00:51
put something in the seconds outside slot so the gas is more even between 0-1 and 1-0,269,CLOSED,2021-01-07T21:11:31Z,2021-01-07T22:00:15Z,2021-01-07T22:00:13Z,,moodysalem,0,[],0,0 days 00:48:42
"for experimentation, remove seconds outside",270,CLOSED,2021-01-07T22:16:00Z,2021-01-12T21:15:06Z,2021-01-12T19:06:28Z,,moodysalem,0,[],0,4 days 20:50:28
removes mint from initialize,271,MERGED,2021-01-07T23:31:08Z,2021-01-13T22:14:25Z,2021-01-13T22:14:24Z,2021-01-13T22:14:24Z,moodysalem,2,"['moodysalem', 'moodysalem']",0,5 days 22:43:16
adjustable protocol fees,272,MERGED,2021-01-08T21:53:16Z,2021-01-12T19:06:05Z,2021-01-12T19:06:03Z,2021-01-12T19:06:03Z,NoahZinsmeister,3,"['moodysalem', 'moodysalem', 'NoahZinsmeister']",0,3 days 21:12:47
try extracting logic to functions,273,CLOSED,2021-01-12T16:20:23Z,2021-01-21T20:43:27Z,2021-01-12T17:10:23Z,,NoahZinsmeister,0,[],0,0 days 00:50:00
optimize majority of muldivs,281,MERGED,2021-01-13T18:26:51Z,2021-01-13T19:10:02Z,2021-01-13T19:10:01Z,2021-01-13T19:10:01Z,moodysalem,1,['NoahZinsmeister'],0,0 days 00:43:10
remove ternary,282,CLOSED,2021-01-13T19:45:09Z,2021-01-13T19:57:44Z,2021-01-13T19:57:42Z,,moodysalem,1,['moodysalem'],0,0 days 00:12:33
Small opts,284,MERGED,2021-01-14T01:55:06Z,2021-01-14T14:45:13Z,2021-01-14T14:45:11Z,2021-01-14T14:45:11Z,moodysalem,0,[],0,0 days 12:50:05
consolidate to single swap function,286,MERGED,2021-01-14T14:57:39Z,2021-01-14T22:27:56Z,2021-01-14T20:11:17Z,2021-01-14T20:11:17Z,moodysalem,1,['NoahZinsmeister'],0,0 days 05:13:38
Solc 0.8.0 2,289,CLOSED,2021-01-14T21:29:09Z,2021-01-14T21:43:45Z,2021-01-14T21:43:45Z,,moodysalem,0,[],0,0 days 00:14:36
move rest of code to oracle lib,291,MERGED,2021-01-14T23:36:55Z,2021-01-14T23:43:58Z,2021-01-14T23:43:57Z,2021-01-14T23:43:57Z,moodysalem,0,[],0,0 days 00:07:02
split the pair interface for easy discoverability/consumption,292,MERGED,2021-01-15T01:21:42Z,2021-01-15T01:27:08Z,2021-01-15T01:27:07Z,2021-01-15T01:27:07Z,moodysalem,0,[],0,0 days 00:05:25
remove the constructor argument from the factory,293,MERGED,2021-01-15T03:24:28Z,2021-01-15T17:10:06Z,2021-01-15T17:10:05Z,2021-01-15T17:10:05Z,moodysalem,1,['NoahZinsmeister'],0,0 days 13:45:37
adjustable oracle observation cardinality,294,MERGED,2021-01-15T05:10:10Z,2021-01-18T18:45:55Z,2021-01-18T18:45:54Z,2021-01-18T18:45:54Z,moodysalem,1,['moodysalem'],2,3 days 13:35:44
move some update position code to Position.sol,296,MERGED,2021-01-18T15:30:04Z,2021-01-18T20:03:47Z,2021-01-18T20:03:46Z,2021-01-18T20:03:46Z,moodysalem,4,"['NoahZinsmeister', 'moodysalem', 'moodysalem', 'moodysalem']",0,0 days 04:33:42
remove allEnabledFeeAmounts,297,MERGED,2021-01-18T19:53:52Z,2021-01-20T23:05:41Z,2021-01-20T23:05:40Z,2021-01-20T23:05:40Z,moodysalem,1,['NoahZinsmeister'],1,2 days 03:11:48
turn the optimizer runs up to 1000,300,CLOSED,2021-01-18T21:24:44Z,2021-01-25T16:32:51Z,2021-01-25T16:32:51Z,,moodysalem,0,[],0,6 days 19:08:07
check struct cost,301,CLOSED,2021-01-18T21:39:27Z,2021-01-19T03:07:30Z,2021-01-18T21:39:33Z,,moodysalem,0,[],0,0 days 00:00:06
add lock to increase cardinality,303,CLOSED,2021-01-19T14:26:04Z,2021-01-21T20:43:06Z,2021-01-19T16:00:22Z,,moodysalem,0,[],2,0 days 01:34:18
oracle tests and library clean up,305,MERGED,2021-01-19T15:12:21Z,2021-01-20T01:50:30Z,2021-01-20T01:50:29Z,2021-01-20T01:50:29Z,moodysalem,0,[],0,0 days 10:38:08
"more tests, fix the overflow behavior",306,MERGED,2021-01-20T21:50:35Z,2021-01-20T23:55:17Z,2021-01-20T23:55:16Z,2021-01-20T23:55:16Z,moodysalem,0,[],0,0 days 02:04:41
gas optimization caching the fee growth other,307,CLOSED,2021-01-21T00:11:07Z,2021-01-21T00:41:59Z,2021-01-21T00:41:48Z,,moodysalem,0,[],0,0 days 00:30:41
move some functions around to where they belong,308,MERGED,2021-01-21T02:31:44Z,2021-01-21T02:34:04Z,2021-01-21T02:34:03Z,2021-01-21T02:34:03Z,moodysalem,0,[],0,0 days 00:02:19
fixes isMulSafe,309,MERGED,2021-01-21T02:35:37Z,2021-01-21T18:41:34Z,2021-01-21T18:41:33Z,2021-01-21T18:41:32Z,moodysalem,0,[],0,0 days 16:05:56
Automate swap tests,310,MERGED,2021-01-21T06:05:04Z,2021-01-21T06:10:18Z,2021-01-21T06:10:17Z,2021-01-21T06:10:17Z,moodysalem,0,[],0,0 days 00:05:13
Remove less lossy math,311,CLOSED,2021-01-21T06:15:42Z,2021-01-25T16:55:25Z,2021-01-25T16:55:23Z,,moodysalem,1,['moodysalem'],0,4 days 10:39:41
"remove double div opt, which i think is exactly equivalent",312,MERGED,2021-01-21T16:18:33Z,2021-01-21T18:35:22Z,2021-01-21T18:35:21Z,2021-01-21T18:35:21Z,moodysalem,0,[],0,0 days 02:16:48
"more tests, plus a fix in the pair to not send a transfer if no amount out is received",313,MERGED,2021-01-21T16:51:35Z,2021-01-21T18:44:33Z,2021-01-21T18:44:32Z,2021-01-21T18:44:31Z,moodysalem,2,"['moodysalem', 'NoahZinsmeister']",0,0 days 01:52:57
"comments for FixedPoint96, FixedPoint128, FullMath",314,MERGED,2021-01-21T20:56:40Z,2021-01-22T15:39:07Z,2021-01-22T15:39:07Z,2021-01-22T15:39:07Z,Yorkemartin,2,"['moodysalem', 'NoahZinsmeister']",1,0 days 18:42:27
Fee variable packing,315,MERGED,2021-01-21T21:09:17Z,2021-01-22T18:45:16Z,2021-01-22T18:45:15Z,2021-01-22T18:45:15Z,NoahZinsmeister,1,['moodysalem'],0,0 days 21:35:58
Add tests close price boundaries,317,MERGED,2021-01-22T18:32:25Z,2021-01-22T18:36:56Z,2021-01-22T18:36:55Z,2021-01-22T18:36:55Z,moodysalem,0,[],0,0 days 00:04:30
replace max types everywhere,319,MERGED,2021-01-22T19:01:27Z,2021-01-22T19:11:54Z,2021-01-22T19:11:53Z,2021-01-22T19:11:53Z,moodysalem,0,[],0,0 days 00:10:26
inline overflow check,320,MERGED,2021-01-22T20:32:24Z,2021-01-22T21:06:52Z,2021-01-22T21:06:51Z,2021-01-22T21:06:51Z,moodysalem,1,['NoahZinsmeister'],0,0 days 00:34:27
store 2 oracle observations by default,321,CLOSED,2021-01-22T21:02:47Z,2021-01-28T01:08:27Z,2021-01-26T19:23:36Z,,NoahZinsmeister,0,[],0,3 days 22:20:49
seconds outside packed,322,MERGED,2021-01-22T23:01:01Z,2021-01-25T17:57:54Z,2021-01-25T17:57:53Z,2021-01-25T17:57:53Z,moodysalem,1,['NoahZinsmeister'],0,2 days 18:56:52
Update TransferHelper.sol with natspec comments,323,MERGED,2021-01-22T23:24:48Z,2021-01-25T16:31:47Z,2021-01-25T16:31:46Z,2021-01-25T16:31:46Z,Yorkemartin,1,['moodysalem'],1,2 days 17:06:58
Price limits instead of tick check at every transition,324,CLOSED,2021-01-23T01:48:02Z,2021-01-23T01:49:27Z,2021-01-23T01:49:24Z,,moodysalem,0,[],0,0 days 00:01:22
optimize scry of 0,325,MERGED,2021-01-23T02:15:05Z,2021-01-25T16:32:37Z,2021-01-25T16:32:36Z,2021-01-25T16:32:35Z,moodysalem,2,"['NoahZinsmeister', 'moodysalem']",0,2 days 14:17:31
squashes spaced tick bitmap into tick bitmap,326,MERGED,2021-01-23T02:30:18Z,2021-01-25T21:19:46Z,2021-01-25T21:19:45Z,2021-01-25T21:19:45Z,moodysalem,1,['NoahZinsmeister'],0,2 days 18:49:27
prevent delegate call,327,MERGED,2021-01-23T15:42:14Z,2021-04-05T15:44:41Z,2021-01-25T16:27:57Z,2021-01-25T16:27:57Z,moodysalem,1,['NoahZinsmeister'],2,2 days 00:45:43
strip revert reasons,328,CLOSED,2021-01-25T03:12:01Z,2021-01-27T23:31:35Z,2021-01-27T23:31:06Z,,moodysalem,0,[],4,2 days 20:19:05
remove min and max tick,332,MERGED,2021-01-25T17:36:52Z,2021-02-02T16:05:02Z,2021-02-02T16:05:01Z,2021-02-02T16:05:00Z,moodysalem,2,"['NoahZinsmeister', 'NoahZinsmeister']",0,7 days 22:28:09
Collect opts,333,MERGED,2021-01-25T17:39:14Z,2021-01-25T17:40:18Z,2021-01-25T17:40:18Z,2021-01-25T17:40:17Z,NoahZinsmeister,0,[],0,0 days 00:01:04
clean up factory error strings,335,CLOSED,2021-01-25T20:18:57Z,2021-01-25T22:16:37Z,2021-01-25T21:42:20Z,,NoahZinsmeister,0,[],0,0 days 01:23:23
cheaper no delegate call,336,MERGED,2021-01-26T01:22:04Z,2021-01-26T13:35:19Z,2021-01-26T13:35:18Z,2021-01-26T13:35:17Z,moodysalem,0,[],0,0 days 12:13:14
no op grow,339,MERGED,2021-01-26T19:33:44Z,2021-01-26T19:38:39Z,2021-01-26T19:38:38Z,2021-01-26T19:38:38Z,moodysalem,0,[],0,0 days 00:04:54
cap tick spacing,340,MERGED,2021-01-26T19:57:16Z,2021-01-26T20:26:22Z,2021-01-26T20:26:21Z,2021-01-26T20:26:21Z,moodysalem,0,[],0,0 days 00:29:05
call initialize from the factory,341,CLOSED,2021-01-26T20:40:55Z,2021-01-28T18:18:37Z,2021-01-27T23:53:51Z,,NoahZinsmeister,0,[],1,1 days 03:12:56
Remove min max plus constructor,342,CLOSED,2021-01-26T22:54:54Z,2021-01-27T16:23:46Z,2021-01-27T03:35:34Z,,moodysalem,0,[],0,0 days 04:40:40
max optimizer against strip revert reasons branch,343,CLOSED,2021-01-27T03:29:50Z,2021-01-27T23:31:47Z,2021-01-27T23:31:34Z,,moodysalem,0,[],0,0 days 20:01:44
manually strip the revert reasons,344,CLOSED,2021-01-27T03:37:25Z,2021-01-27T23:46:31Z,2021-01-27T23:46:29Z,,moodysalem,0,[],1,0 days 20:09:04
add some scry tests,345,MERGED,2021-01-27T03:59:12Z,2021-01-27T23:11:51Z,2021-01-27T23:11:50Z,2021-01-27T23:11:50Z,moodysalem,0,[],0,0 days 19:12:38
oracle fixes/opts,347,MERGED,2021-01-27T20:09:46Z,2021-01-27T23:07:32Z,2021-01-27T23:07:31Z,2021-01-27T23:07:31Z,NoahZinsmeister,2,"['moodysalem', 'NoahZinsmeister']",0,0 days 02:57:45
Changed target variable name in instances of conflicting definitions,351,CLOSED,2021-01-27T21:11:15Z,2021-01-27T23:09:35Z,2021-01-27T23:04:27Z,,Yorkemartin,0,[],1,0 days 01:53:12
No delegate call opt,352,MERGED,2021-01-27T23:44:22Z,2021-01-27T23:44:28Z,2021-01-27T23:44:27Z,2021-01-27T23:44:27Z,moodysalem,0,[],0,0 days 00:00:05
small oracle optimizations,353,MERGED,2021-01-28T00:00:25Z,2021-01-28T17:16:00Z,2021-01-28T17:15:59Z,2021-01-28T17:15:59Z,NoahZinsmeister,8,"['moodysalem', 'moodysalem', 'NoahZinsmeister', 'NoahZinsmeister', 'moodysalem', 'moodysalem', 'moodysalem', 'moodysalem']",0,0 days 17:15:34
Update Position.sol with natspec comments,354,MERGED,2021-01-28T00:13:48Z,2021-01-28T17:55:45Z,2021-01-28T17:55:45Z,2021-01-28T17:55:44Z,Yorkemartin,2,"['NoahZinsmeister', 'NoahZinsmeister']",1,0 days 17:41:57
first pass of some revert reasons that are not useful,355,MERGED,2021-01-28T00:29:03Z,2021-01-28T01:09:17Z,2021-01-28T01:09:16Z,2021-01-28T01:09:16Z,moodysalem,3,"['NoahZinsmeister', 'moodysalem', 'moodysalem']",0,0 days 00:40:13
better interface for poking,360,MERGED,2021-01-28T17:18:49Z,2021-01-28T17:50:07Z,2021-01-28T17:49:49Z,2021-01-28T17:49:49Z,moodysalem,2,"['moodysalem', 'NoahZinsmeister']",1,0 days 00:31:00
clean up licenses,361,MERGED,2021-01-28T18:05:59Z,2021-01-28T18:17:27Z,2021-01-28T18:17:26Z,2021-01-28T18:17:26Z,moodysalem,0,[],0,0 days 00:11:27
"hand implement test erc20, remove oz erc20 dependency",363,MERGED,2021-01-28T20:13:49Z,2021-01-28T20:18:43Z,2021-01-28T20:18:42Z,2021-01-28T20:18:42Z,moodysalem,0,[],0,0 days 00:04:53
removes the allowance optimization in the test erc20,364,MERGED,2021-01-28T20:32:19Z,2021-01-28T20:44:24Z,2021-01-28T20:44:23Z,2021-01-28T20:44:23Z,moodysalem,0,[],0,0 days 00:12:04
Oracle comments,365,MERGED,2021-01-28T21:20:48Z,2021-02-02T21:05:07Z,2021-02-02T21:05:07Z,2021-02-02T21:05:07Z,Yorkemartin,7,"['Yorkemartin', 'Yorkemartin', 'Yorkemartin', 'NoahZinsmeister', 'Yorkemartin', 'Yorkemartin', 'NoahZinsmeister']",1,4 days 23:44:19
better safe math implementation,366,MERGED,2021-01-29T02:21:34Z,2021-01-29T17:32:27Z,2021-01-29T17:32:26Z,2021-01-29T17:32:26Z,moodysalem,0,[],0,0 days 15:10:52
ux improvement for flash,367,MERGED,2021-01-29T18:23:56Z,2021-01-29T20:03:52Z,2021-01-29T20:03:51Z,2021-01-29T20:03:51Z,moodysalem,1,['NoahZinsmeister'],0,0 days 01:39:55
clean up events and add documentation,369,MERGED,2021-01-29T20:09:32Z,2021-01-29T21:33:59Z,2021-01-29T21:33:58Z,2021-01-29T21:33:58Z,moodysalem,2,"['NoahZinsmeister', 'moodysalem']",0,0 days 01:24:26
collect protocol fees via offset,370,CLOSED,2021-01-29T22:50:14Z,2021-02-08T16:08:38Z,2021-02-05T21:11:38Z,,NoahZinsmeister,3,"['NoahZinsmeister', 'NoahZinsmeister', 'NoahZinsmeister']",1,6 days 22:21:24
natspec that breaks the compiler,371,MERGED,2021-02-01T17:56:00Z,2021-02-08T15:35:58Z,2021-02-08T15:35:57Z,2021-02-08T15:35:57Z,moodysalem,0,[],1,6 days 21:39:57
"Remove some more revert reasons that are never hit, asserts -> reverts + todo",372,MERGED,2021-02-02T17:46:12Z,2021-02-02T21:01:51Z,2021-02-02T21:01:49Z,2021-02-02T21:01:49Z,moodysalem,1,['NoahZinsmeister'],0,0 days 03:15:37
Tick comments,373,MERGED,2021-02-02T21:00:43Z,2021-02-03T18:03:29Z,2021-02-03T18:03:28Z,2021-02-03T18:03:28Z,Yorkemartin,2,"['Yorkemartin', 'NoahZinsmeister']",1,0 days 21:02:45
try a echidna test for muldiv,375,MERGED,2021-02-02T21:26:40Z,2021-02-02T21:39:33Z,2021-02-02T21:39:32Z,2021-02-02T21:39:32Z,moodysalem,0,[],0,0 days 00:12:52
collapses sqrt tick math into tick math,376,MERGED,2021-02-02T22:20:10Z,2023-07-19T16:12:57Z,2021-02-03T18:36:40Z,2021-02-03T18:36:40Z,moodysalem,7,"['NoahZinsmeister', 'moodysalem', 'moodysalem', 'NoahZinsmeister', 'moodysalem', 'moodysalem', 'Oldgitgetmore']",1,0 days 20:16:30
Doc cleanups,377,MERGED,2021-02-04T01:12:26Z,2021-02-04T17:23:19Z,2021-02-04T17:23:18Z,2021-02-04T17:23:18Z,Yorkemartin,5,"['moodysalem', 'moodysalem', 'Yorkemartin', 'moodysalem', 'Yorkemartin']",1,0 days 16:10:52
Full math remco,378,MERGED,2021-02-04T14:38:19Z,2021-02-04T17:36:23Z,2021-02-04T17:36:22Z,2021-02-04T17:36:22Z,moodysalem,6,"['NoahZinsmeister', 'NoahZinsmeister', 'NoahZinsmeister', 'NoahZinsmeister', 'NoahZinsmeister', 'NoahZinsmeister']",0,0 days 02:58:03
another form of doing FullMath,379,CLOSED,2021-02-04T16:49:34Z,2021-02-04T17:13:17Z,2021-02-04T17:13:13Z,,moodysalem,0,[],1,0 days 00:23:39
IERC20 minimal comments,380,MERGED,2021-02-04T18:10:23Z,2021-02-05T01:12:11Z,2021-02-05T01:12:10Z,2021-02-05T01:12:10Z,Yorkemartin,0,[],0,0 days 07:01:47
pair echidna test,381,CLOSED,2021-02-05T05:27:14Z,2021-02-17T17:49:40Z,2021-02-17T17:49:38Z,,moodysalem,0,[],0,12 days 12:22:24
collect protocol fees in swap,382,MERGED,2021-02-05T19:48:54Z,2021-02-08T15:34:50Z,2021-02-08T15:34:50Z,2021-02-08T15:34:50Z,NoahZinsmeister,4,"['moodysalem', 'NoahZinsmeister', 'NoahZinsmeister', 'moodysalem']",0,2 days 19:45:56
Split fee protocol,384,MERGED,2021-02-08T16:09:37Z,2021-02-08T21:16:13Z,2021-02-08T21:16:12Z,2021-02-08T21:16:12Z,moodysalem,0,[],1,0 days 05:06:35
Arbitrary length exact output multi-hops,386,CLOSED,2021-02-08T19:54:56Z,2021-02-22T23:29:59Z,2021-02-14T20:35:48Z,,Yorkemartin,0,[],2,6 days 00:40:52
Take protocol fee on principal on burn,387,CLOSED,2021-02-08T23:43:57Z,2021-02-17T17:49:31Z,2021-02-17T17:49:28Z,,moodysalem,0,[],1,8 days 18:05:31
rewrite the function getNextSqrtPriceFromAmount0RoundingUp for small gas optimization/readability,388,MERGED,2021-02-09T16:47:19Z,2021-02-09T22:55:09Z,2021-02-09T22:55:08Z,2021-02-09T22:55:08Z,moodysalem,1,['NoahZinsmeister'],0,0 days 06:07:49
rename scry -> observe,390,MERGED,2021-02-09T19:52:10Z,2021-02-10T23:21:11Z,2021-02-10T23:21:10Z,2021-02-10T23:21:10Z,moodysalem,0,[],5,1 days 03:29:00
linear fee penalty,391,CLOSED,2021-02-09T21:27:48Z,2021-02-12T23:02:47Z,2021-02-12T23:02:31Z,,NoahZinsmeister,0,[],11,3 days 01:34:43
Natspec grammar and clarity,392,MERGED,2021-02-09T23:32:04Z,2021-02-10T22:42:42Z,2021-02-10T22:42:41Z,2021-02-10T22:42:41Z,Yorkemartin,3,"['NoahZinsmeister', 'moodysalem', 'Yorkemartin']",0,0 days 23:10:37
Full intra block sandwich penalty,393,CLOSED,2021-02-10T21:16:26Z,2021-02-12T23:05:46Z,2021-02-12T23:05:44Z,,NoahZinsmeister,8,"['moodysalem', 'moodysalem', 'moodysalem', 'moodysalem', 'moodysalem', 'NoahZinsmeister', 'NoahZinsmeister', 'moodysalem']",3,2 days 01:49:18
take protocol fee in flash,394,MERGED,2021-02-10T22:04:28Z,2021-02-10T23:29:21Z,2021-02-10T23:29:20Z,2021-02-10T23:29:20Z,NoahZinsmeister,3,"['moodysalem', 'moodysalem', 'NoahZinsmeister']",0,0 days 01:24:52
check 2 adjacent observations echidna test,395,MERGED,2021-02-10T23:34:03Z,2021-02-11T00:16:31Z,2021-02-11T00:16:30Z,2021-02-11T00:16:30Z,moodysalem,0,[],0,0 days 00:42:27
accumulate most significant bit of liquidity,396,CLOSED,2021-02-11T01:10:42Z,2021-02-11T17:48:40Z,2021-02-11T17:48:37Z,,moodysalem,0,[],0,0 days 16:37:55
first pass at packing,397,CLOSED,2021-02-11T02:33:23Z,2021-02-11T17:35:27Z,2021-02-11T17:35:24Z,,moodysalem,0,[],0,0 days 15:02:01
try packing via uint128,398,MERGED,2021-02-11T16:46:25Z,2021-02-11T17:45:27Z,2021-02-11T17:45:26Z,2021-02-11T17:45:25Z,moodysalem,0,[],0,0 days 00:59:01
add echidna test for mint invariant,399,MERGED,2021-02-11T18:44:14Z,2021-02-11T19:02:50Z,2021-02-11T19:02:49Z,2021-02-11T19:02:49Z,NoahZinsmeister,0,[],0,0 days 00:18:35
remove todos,400,MERGED,2021-02-11T19:03:05Z,2021-02-12T16:24:46Z,2021-02-12T16:24:45Z,2021-02-12T16:24:45Z,NoahZinsmeister,6,"['moodysalem', 'NoahZinsmeister', 'moodysalem', 'NoahZinsmeister', 'NoahZinsmeister', 'moodysalem']",0,0 days 21:21:40
Last todo,401,MERGED,2021-02-12T16:28:29Z,2021-02-12T18:13:35Z,2021-02-12T18:13:34Z,2021-02-12T18:13:34Z,NoahZinsmeister,4,"['moodysalem', 'moodysalem', 'NoahZinsmeister', 'moodysalem']",0,0 days 01:45:05
Add ability for protocol to collect fee on principal on burn,403,CLOSED,2021-02-12T18:44:25Z,2021-02-18T18:59:33Z,2021-02-18T18:59:31Z,,moodysalem,0,[],0,6 days 00:15:06
Penalize intrablock,404,CLOSED,2021-02-12T23:07:42Z,2021-02-20T16:39:56Z,2021-02-17T17:49:10Z,,NoahZinsmeister,6,"['moodysalem', 'NoahZinsmeister', 'moodysalem', 'moodysalem', 'NoahZinsmeister', 'NoahZinsmeister']",3,4 days 18:41:28
arbitrage example behavior test cases,405,MERGED,2021-02-15T16:42:19Z,2021-02-16T15:50:46Z,2021-02-16T15:50:45Z,2021-02-16T15:50:45Z,moodysalem,0,[],0,0 days 23:08:26
observe takes multiple seconds ago arguments,408,MERGED,2021-02-16T21:34:02Z,2021-02-17T03:22:00Z,2021-02-17T03:22:00Z,2021-02-17T03:22:00Z,moodysalem,0,[],0,0 days 05:47:58
remove the single seconds ago form,409,MERGED,2021-02-16T22:31:51Z,2021-02-16T23:26:23Z,2021-02-16T23:26:22Z,2021-02-16T23:26:22Z,moodysalem,0,[],0,0 days 00:54:31
change the fee options,413,MERGED,2021-02-18T14:55:08Z,2021-02-18T15:06:39Z,2021-02-18T15:06:39Z,2021-02-18T15:06:39Z,moodysalem,0,[],0,0 days 00:11:31
remove denominator check that never happens,414,MERGED,2021-02-18T15:07:29Z,2021-02-18T15:40:05Z,2021-02-18T15:40:04Z,2021-02-18T15:40:04Z,moodysalem,1,['NoahZinsmeister'],0,0 days 00:32:35
feat: add router v3 interface,416,CLOSED,2021-02-19T09:40:05Z,2021-02-19T21:43:10Z,2021-02-19T21:43:02Z,,gakonst,0,[],1,0 days 12:02:57
test the sqrt price math function,417,CLOSED,2021-02-19T19:23:45Z,2021-02-22T17:23:20Z,2021-02-22T17:23:19Z,,moodysalem,0,[],0,2 days 21:59:34
feat: add return values,418,CLOSED,2021-02-22T15:58:28Z,2021-02-22T22:02:36Z,2021-02-22T22:02:34Z,,gakonst,1,['moodysalem'],0,0 days 06:04:06
return values from mint,419,MERGED,2021-02-22T19:59:33Z,2021-02-22T22:02:11Z,2021-02-22T22:02:10Z,2021-02-22T22:02:10Z,moodysalem,1,['NoahZinsmeister'],0,0 days 02:02:37
return values from swap,420,CLOSED,2021-02-22T21:39:07Z,2021-02-22T21:43:06Z,2021-02-22T21:43:04Z,,moodysalem,0,[],1,0 days 00:03:57
return values from swap,421,MERGED,2021-02-22T21:44:20Z,2021-02-22T23:02:16Z,2021-02-22T23:02:16Z,2021-02-22T23:02:16Z,moodysalem,1,['NoahZinsmeister'],0,0 days 01:17:56
save gas on balance0/balance1 calls,422,MERGED,2021-02-22T23:04:24Z,2021-02-22T23:16:59Z,2021-02-22T23:16:58Z,2021-02-22T23:16:58Z,moodysalem,1,['NoahZinsmeister'],0,0 days 00:12:34
Allow fetching the required liquidity from amount0/amount1,423,CLOSED,2021-02-24T13:21:02Z,2021-02-24T19:45:49Z,2021-02-24T19:45:40Z,,gakonst,0,[],1,0 days 06:24:38
optimize out 2 sloads for the last burn of a position,425,CLOSED,2021-02-26T23:27:58Z,2021-03-01T16:27:15Z,2021-03-01T16:26:49Z,,moodysalem,0,[],0,2 days 16:58:51
fee adjustment,426,CLOSED,2021-02-27T22:44:55Z,2021-12-04T22:15:53Z,2021-03-01T17:42:00Z,,moodysalem,0,[],1,1 days 18:57:05
Burn accounting tokens owed,427,MERGED,2021-02-27T23:21:57Z,2021-03-01T20:03:48Z,2021-03-01T20:03:47Z,2021-03-01T20:03:47Z,moodysalem,2,"['NoahZinsmeister', 'NoahZinsmeister']",0,1 days 20:41:50
remove the delete in the position#update for the last burn of a position,428,MERGED,2021-03-01T16:03:33Z,2021-03-01T16:26:56Z,2021-03-01T16:26:55Z,2021-03-01T16:26:55Z,moodysalem,0,[],0,0 days 00:23:22
fix FullMath.sol mulDivRoundingUp bug,430,MERGED,2021-03-05T06:02:41Z,2021-03-05T16:46:09Z,2021-03-05T16:46:08Z,2021-03-05T16:46:08Z,moodysalem,0,[],0,0 days 10:43:27
start with all echidna tests,431,MERGED,2021-03-05T15:59:24Z,2021-03-05T15:59:37Z,2021-03-05T15:59:36Z,2021-03-05T15:59:36Z,moodysalem,0,[],0,0 days 00:00:12
Include pool mythx,432,CLOSED,2021-03-05T18:58:36Z,2021-03-05T20:26:34Z,2021-03-05T20:26:32Z,,moodysalem,0,[],0,0 days 01:27:56
add LICENSE and make associated changes,433,MERGED,2021-03-10T17:33:28Z,2023-05-31T16:14:33Z,2021-03-22T00:27:20Z,2021-03-22T00:27:20Z,NoahZinsmeister,13,"['moodysalem', 'moodysalem', 'moodysalem', 'NoahZinsmeister', 'NoahZinsmeister', 'moodysalem', 'NoahZinsmeister', 'moodysalem', 'moodysalem', 'moodysalem', 'NoahZinsmeister', 'NoahZinsmeister', 'NoahZinsmeister']",0,11 days 06:53:52
example mulshift impl,434,CLOSED,2021-03-11T16:14:30Z,2021-03-11T16:46:04Z,2021-03-11T16:20:02Z,,moodysalem,0,[],0,0 days 00:05:32
Messing around opt mulshift,435,CLOSED,2021-03-11T16:52:37Z,2021-03-11T17:24:41Z,2021-03-11T17:24:39Z,,moodysalem,0,[],0,0 days 00:32:02
optimize sloads in swap,436,MERGED,2021-03-12T19:09:58Z,2021-03-12T20:28:06Z,2021-03-12T20:28:06Z,2021-03-12T20:28:06Z,moodysalem,2,"['NoahZinsmeister', 'NoahZinsmeister']",0,0 days 01:18:08
low gas balanceOf,437,MERGED,2021-03-18T21:23:25Z,2023-03-23T18:05:04Z,2021-03-22T21:07:18Z,2021-03-22T21:07:18Z,moodysalem,5,"['moodysalem', 'NoahZinsmeister', 'bxmmm1', 'moodysalem', 'bxmmm1']",4,3 days 23:43:53
natspec loose ends,438,MERGED,2021-03-18T23:50:05Z,2021-03-22T16:19:49Z,2021-03-22T16:19:49Z,2021-03-22T16:19:49Z,Yorkemartin,6,"['moodysalem', 'moodysalem', 'moodysalem', 'moodysalem', 'moodysalem', 'moodysalem']",0,3 days 16:29:44
add echidna + manticore tests,439,MERGED,2021-03-19T18:31:52Z,2021-03-19T20:57:52Z,2021-03-19T20:57:52Z,2021-03-19T20:57:52Z,rmi7,0,[],0,0 days 02:26:00
adding bug bounty markdown,440,MERGED,2021-03-19T23:19:33Z,2021-03-22T04:44:20Z,2021-03-22T04:44:19Z,2021-03-22T04:44:19Z,snreynolds,0,[],0,2 days 05:24:46
Abdk documentation issues,441,MERGED,2021-03-22T17:43:04Z,2022-10-11T01:52:09Z,2021-03-22T19:18:27Z,2021-03-22T19:18:27Z,Yorkemartin,1,['moodysalem'],0,0 days 01:35:23
WIP: rm factory Parameter,443,CLOSED,2021-03-23T19:17:52Z,2021-03-23T20:15:26Z,2021-03-23T19:47:04Z,,wjmelements,0,[],5,0 days 00:29:12
optimize UnsafeMath#divRoundingUp,446,MERGED,2021-03-24T14:27:32Z,2021-04-01T01:30:36Z,2021-03-31T18:30:03Z,2021-03-31T18:30:03Z,moodysalem,1,['NoahZinsmeister'],2,7 days 04:02:31
Update IUniswapV3Factory.sol,447,CLOSED,2021-03-24T15:09:14Z,2021-03-25T00:28:30Z,2021-03-24T15:19:20Z,,tonysosa-dev,0,[],1,0 days 00:10:06
Optimized div rounding up with require,455,CLOSED,2021-03-29T15:56:24Z,2021-03-31T15:40:39Z,2021-03-31T15:40:35Z,,moodysalem,0,[],0,1 days 23:44:11
accumulate seconds per liquidity instead of liquidity,467,MERGED,2021-04-12T14:52:08Z,2021-04-20T15:27:52Z,2021-04-20T15:27:51Z,2021-04-20T15:27:51Z,moodysalem,10,"['NoahZinsmeister', 'AlanFA91', 'AlanFA91', 'moodysalem', 'moodysalem', 'NoahZinsmeister', 'moodysalem', 'moodysalem', 'moodysalem', 'NoahZinsmeister']",1,8 days 00:35:43
make observe cheaper by not constructing a whole observation for which only 2 fields are used,468,MERGED,2021-04-12T19:50:39Z,2021-04-12T22:32:59Z,2021-04-12T22:32:59Z,2021-04-12T22:32:59Z,moodysalem,2,"['moodysalem', 'NoahZinsmeister']",0,0 days 02:42:20
make the oracle fuzz test stricter,469,CLOSED,2021-04-13T15:56:06Z,2021-04-13T18:45:00Z,2021-04-13T18:44:58Z,,moodysalem,0,[],0,0 days 02:48:52
view function for snapshots,471,MERGED,2021-04-15T19:21:24Z,2021-11-15T16:21:01Z,2021-04-19T18:12:52Z,2021-04-19T18:12:52Z,moodysalem,1,['NoahZinsmeister'],0,3 days 22:51:28
berlin gas numbers,475,MERGED,2021-04-16T02:18:57Z,2021-04-16T14:14:42Z,2021-04-16T14:14:41Z,2021-04-16T14:14:41Z,moodysalem,0,[],1,0 days 11:55:44
Try fix echidna,476,CLOSED,2021-04-16T15:38:47Z,2021-04-16T15:54:27Z,2021-04-16T15:54:27Z,,moodysalem,0,[],0,0 days 00:15:40
add the cumulative tick to the tick,481,MERGED,2021-04-19T17:14:35Z,2021-04-19T21:29:03Z,2021-04-19T21:29:03Z,2021-04-19T21:29:03Z,moodysalem,0,[],0,0 days 04:14:28
add liquidity after the swap to the pool swap event,488,MERGED,2021-05-04T16:35:43Z,2022-10-11T01:49:58Z,2021-05-04T16:44:40Z,2021-05-04T16:44:40Z,moodysalem,0,[],0,0 days 00:08:57
Bump hosted-git-info from 2.8.8 to 2.8.9,490,CLOSED,2021-05-11T23:42:37Z,2021-05-12T17:44:53Z,2021-05-12T17:44:43Z,,dependabot,0,[],1,0 days 18:02:06
feat: OVM,491,MERGED,2021-05-21T07:07:50Z,2021-06-15T12:05:37Z,2021-06-11T14:23:02Z,2021-06-11T14:23:01Z,gakonst,4,"['moodysalem', 'gakonst', 'moodysalem', 'gakonst']",1,21 days 07:15:12
Added 2 missing natspec params,494,MERGED,2021-09-16T18:13:27Z,2022-11-13T04:02:09Z,2021-09-16T18:27:11Z,2021-09-16T18:27:11Z,hensha256,0,[],0,0 days 00:13:44
fix: see if the oracle tests still pass with simplified/more correct equation,495,CLOSED,2021-10-20T16:05:59Z,2021-11-03T17:46:35Z,2021-10-20T16:26:34Z,,moodysalem,0,[],1,0 days 00:20:35
Feature/jira 1,499,CLOSED,2021-11-19T04:58:34Z,2021-11-19T05:07:11Z,2021-11-19T05:07:11Z,,Dorothyo,0,[],0,0 days 00:08:37
Add compability for solc 0.8,505,CLOSED,2021-12-10T11:22:48Z,2022-02-05T20:09:56Z,2022-01-26T20:49:54Z,,134dd3v,4,"['fallingicarus', 'fallingicarus', '7779043', '7779043']",3,47 days 09:27:06
fix(contracts/libraries/Tick.sol): fix typo: iff => if,507,CLOSED,2021-12-22T11:48:55Z,2021-12-30T06:44:23Z,2021-12-22T17:41:59Z,,DavidCai1111,0,[],1,0 days 05:53:04
Constrain FullMath pragma to <0.8.0,525,MERGED,2022-01-17T20:50:55Z,2022-02-19T21:51:31Z,2022-01-26T20:54:24Z,2022-01-26T20:54:24Z,wilsoncusack,2,"['7779043', 'Cryptomooner111']",2,9 days 00:03:29
Explicit conversions for Solidity 0.8.x compatibility,527,CLOSED,2022-01-20T19:14:19Z,2022-01-26T21:32:18Z,2022-01-26T20:49:25Z,,cameel,1,['cameel'],2,6 days 01:35:06
convert solc from 0.7.6 to 0.8.11,536,CLOSED,2022-02-09T03:09:17Z,2022-03-07T15:12:25Z,2022-03-07T15:12:25Z,,br4e,0,[],2,26 days 12:03:08
Update the lint config,537,CLOSED,2022-02-14T10:39:52Z,2022-03-07T15:12:40Z,2022-03-07T15:12:40Z,,super0605,0,[],0,21 days 04:32:48
first pass at 0.8.12,543,MERGED,2022-03-07T16:14:09Z,2022-05-05T17:21:20Z,2022-03-07T18:33:07Z,2022-03-07T18:33:07Z,NoahZinsmeister,0,[],0,0 days 02:18:58
"""constructor"" Is Not a Name of a Function",544,CLOSED,2022-03-12T21:30:45Z,2022-05-30T20:13:27Z,2022-05-03T12:59:31Z,,aleem-ahmed,3,"['krtitan05', 'SombatThomoh', 'fariborz4']",1,51 days 15:28:46
Uniswap-V3-Core,546,CLOSED,2022-03-17T16:07:53Z,2022-03-17T16:12:54Z,2022-03-17T16:11:02Z,,rspadinger,0,[],0,0 days 00:03:09
Dual license under GPL or BUSL,557,MERGED,2022-05-11T17:31:21Z,2022-05-11T17:41:05Z,2022-05-11T17:41:04Z,2022-05-11T17:41:04Z,NoahZinsmeister,0,[],0,0 days 00:09:43
add a simulate method,562,CLOSED,2022-06-02T16:05:34Z,2022-06-02T17:20:50Z,2022-06-02T17:20:50Z,,NoahZinsmeister,0,[],0,0 days 01:15:16
Simulate,563,CLOSED,2022-06-08T03:44:26Z,2022-11-09T07:26:56Z,2022-11-09T07:26:56Z,,Simpsonlarry005,2,"['truestorybaby', 'truestorybaby']",2,154 days 03:42:30
[SECURITY] DO NOT MERGE THIS PR,567,CLOSED,2022-06-24T08:37:49Z,2022-06-24T09:50:12Z,2022-06-24T08:39:06Z,,CrypticDriver,0,[],2,0 days 00:01:17
feat: solidity 8 support,569,CLOSED,2022-06-28T19:36:40Z,2022-06-28T19:50:53Z,2022-06-28T19:39:04Z,,skeletor-spaceman,0,[],0,0 days 00:02:24
feat: add stale config,571,MERGED,2022-07-13T18:45:30Z,2023-02-07T07:50:51Z,2022-07-13T18:48:04Z,2022-07-13T18:48:04Z,marktoda,0,[],0,0 days 00:02:34
Update UniswapV3Factory.spec.ts,572,CLOSED,2022-07-20T13:27:41Z,2022-07-20T13:27:55Z,2022-07-20T13:27:55Z,,xmas7,0,[],0,0 days 00:00:14
Fixes,575,CLOSED,2022-09-02T12:19:04Z,2022-09-02T12:23:49Z,2022-09-02T12:20:50Z,,BitBaseBit,0,[],0,0 days 00:01:46
Fix stupid bug,576,CLOSED,2022-09-02T15:31:20Z,2022-09-02T15:47:33Z,2022-09-02T15:31:57Z,,swapnilraj,0,[],0,0 days 00:00:37
Minor Spelling Fix in Ticks.sol,579,CLOSED,2022-09-14T17:58:09Z,2022-09-27T15:20:00Z,2022-09-27T15:20:00Z,,ControlCplusControlV,0,[],2,12 days 21:21:51
remove redundant liquidityNext which is not used,585,CLOSED,2022-10-21T01:58:53Z,2022-11-21T20:18:53Z,2022-11-21T20:18:53Z,,CoreyLin,2,"['Jones098', 'Jones098']",1,31 days 18:20:00
comment in interface,588,CLOSED,2022-11-01T03:30:49Z,2022-11-21T20:19:10Z,2022-11-21T20:19:10Z,,ppumang,0,[],0,20 days 16:48:21
ETHRelay to refund lost tokens,595,CLOSED,2022-11-21T20:49:27Z,2023-01-26T18:42:53Z,2022-12-08T18:01:33Z,,jchen217,7,"['truestorybaby', 'truestorybaby', 'truestorybaby', 'Muniz-colima', 'truestorybaby', 'truestorybaby', 'truestorybaby']",4,16 days 21:12:06
Optimized Code for NoDelegateCall.sol,597,CLOSED,2022-12-02T17:14:41Z,2022-12-08T19:15:52Z,2022-12-08T18:01:56Z,,thouravi,1,['truestorybaby'],1,6 days 00:47:15
L10n revert 1 opencollective bot/configuration,602,CLOSED,2022-12-16T18:29:57Z,2023-04-09T03:46:20Z,2023-04-09T03:41:57Z,,truestorybaby,1,['mooniemarked'],1,113 days 09:12:00
"Revert ""Added 2 missing natspec params""",603,CLOSED,2022-12-16T23:44:25Z,2023-03-26T23:47:10Z,2023-03-18T19:02:56Z,,truestorybaby,2,"['Wick17', 'Wick17']",1,91 days 19:18:31
EOF testing,606,CLOSED,2023-01-06T17:56:56Z,2023-01-06T17:57:28Z,2023-01-06T17:57:14Z,,moodysalem,0,[],0,0 days 00:00:18
gas optimization,612,CLOSED,2023-01-21T14:16:27Z,2023-01-22T06:51:20Z,2023-01-22T06:51:11Z,,kaustubhthakur,0,[],1,0 days 16:34:44
avoid duplicated comparison between sqrtRatioNextX96 and sqrtRatioTar…,615,CLOSED,2023-02-02T09:37:48Z,2023-04-10T12:41:51Z,2023-04-10T12:41:51Z,,CoreyLin,0,[],1,67 days 03:04:03
Upgrade solidity version to ^0.8.0,616,CLOSED,2023-02-10T16:49:19Z,2023-06-23T09:16:04Z,2023-06-20T22:09:00Z,,StiofanZ,0,[],3,130 days 05:19:41
Unused pool import,622,CLOSED,2023-02-22T23:00:01Z,2023-05-18T03:21:16Z,2023-05-18T03:21:16Z,,CalabashSquash,0,[],1,84 days 04:21:15
V3 deploy,624,CLOSED,2023-02-26T23:19:17Z,2023-02-26T23:21:50Z,2023-02-26T23:19:47Z,,npoore,0,[],2,0 days 00:00:30
Remove 0.8 version constraint.,626,CLOSED,2023-03-09T22:49:21Z,2023-06-20T21:09:00Z,2023-06-20T21:09:00Z,,skinheadz,0,[],2,102 days 22:19:39
change memory to calldata,627,CLOSED,2023-03-14T01:09:58Z,2023-03-28T03:44:47Z,2023-03-28T03:44:47Z,,MollyHe5,0,[],1,14 days 02:34:49
add bsc chain,628,MERGED,2023-03-16T19:31:53Z,2023-06-17T00:01:16Z,2023-03-16T20:24:31Z,2023-03-16T20:24:31Z,ewilz,0,[],0,0 days 00:52:38
Fix code style issues with Prettier,629,MERGED,2023-03-16T19:39:12Z,2023-03-16T20:21:40Z,2023-03-16T20:21:38Z,2023-03-16T20:21:38Z,ewilz,0,[],0,0 days 00:42:26
move loop invariant variables out from loop to save gas,635,OPEN,2023-04-11T04:14:36Z,2023-07-14T18:58:17Z,,,MollyHe5,2,"['truestorybaby', 'truestorybaby']",3,
Fixed Typos in function swap's doc string,644,CLOSED,2023-05-12T16:01:39Z,2023-07-18T18:12:01Z,2023-07-18T17:58:48Z,,ertuil,0,[],1,67 days 01:57:09
Branch,645,CLOSED,2023-05-15T22:52:51Z,2023-05-15T22:53:28Z,2023-05-15T22:53:28Z,,decenlink,0,[],0,0 days 00:00:37
docs: fix incorrect Natspec param name for `CollectProtocol` event,649,OPEN,2023-06-06T16:30:27Z,2023-07-20T06:23:34Z,,,CJ42,1,['Tranhung2h'],2,
change SLOAD to MLOAD to save gas,654,OPEN,2023-06-24T02:27:59Z,2023-07-11T18:48:10Z,,,MollyHe5,0,[],0,
FIXED ISSUE #641,659,OPEN,2023-07-15T06:46:12Z,2023-07-15T06:46:12Z,,,Swapnapratim,0,[],0,
TypeConversionError solve,661,OPEN,2023-07-18T14:23:01Z,2023-07-18T14:23:01Z,,,asujan205,0,[],0,
"fix: update ""amount0"" -> ""amount1"" for CollectProtocol event of pool",663,OPEN,2023-07-23T14:54:13Z,2023-07-23T14:54:13Z,,,cccchuck,0,[],0,
